kreechures,2nF39KbeUMtsiLXD9jC8W6j514KsoCnZbD6Yn82hzgcQ
kreechures,EUqP8VLDxs1JR8RpFjhSf4YvzhXHPxmm8RP2wuVtajWV
kreechures,GuXtYyjE59g7fZhdHG5fqW9s9jTwH2MeVVVmTotMsVxJ
kreechures,FmUZoNy8r91BJsYRMPVrGXVNrPC9Xm3yDWVYtUhCwqdH
kreechures,AVBd13gyGw8LmJs5yxDtWL67VkUJEB8grrkpn44yDxev
kreechures,9jNNrP2DZqkyEKWcPwQtGBTfsfFxkVP14SRZ8xbSWdrv
kreechures,2FJrVbkMRyFwRXNeARvNkgJmRcT3qo8yqcTUaN5QqT36
kreechures,EUXNDjMfrt6c4WKXrKz29hiqZpUzZWT5EMiDjMySGiVK
kreechures,Di9QEhyC2Mzq9H2FgYarC3sAkuqc4ufKReWgQpavkkgw
kreechures,BMhtGWEtqdF565ZxKaYg9YQ1FEgRJg8rbVhBUvubbBgs
kreechures,8aEVpKse5nBTTcMSqeBZRd2tjFPaeJxFs3dNc3wTdNQY
kreechures,DoK8QQhpfvnygwQq4UURFMsqvW3TJAmaqd3t5cferoh8
kreechures,EK8sfbbkogE5TKeruxL8oJndbKaCKDxU76wdjmiXPW6v
kreechures,A2aj7sfzbX6c4neYnCwhJN3x4JzfZ266wi9FjTRLumhr
kreechures,FxFjfVr9n41rzqvtM92uHbEasm6fDi5EL5FPjTMKX3Me
kreechures,CTVupwHirCL6mxbSTtJqg6FzT82zhCQS58TNrGhZN3vc
kreechures,2EfjE8SeZJ7TCxtA8dnzMKGkgsjeNnDKo8HZ5f3Naqyk
kreechures,AF5sf7cXog12TkWMwmcXYefubnRCtuEqsf3QUtRXtreX
kreechures,8BdEyb56P6pZAs3HEgqhouGgg58BzUBD4f27gUx7Japh
kreechures,2vUtTaaRtLqVvAzZhyz9ZAqtJCbfSctt8sR4grvpfGtK
kreechures,8uH2rRXJa4M3i6Ap1UfXRHkkhExKtqcmoFHrFMmRiyEE
kreechures,zASA7ShciyoT8sh98GJ3FQrPFpYACXntknaLWNJJdEs
kreechures,D118dfy1Pvgue7cr2NSSQbpN1c3r66bR8rcQNU22BXNH
kreechures,DuR23YUPVmZ772747HK7KU2yXCg49wjhZMVf4kXaWNDW
kreechures,4NRtPDoRQBXu9PyMGMY2arQ18yrC5ktcDsCTezofNomV
kreechures,CtFDUTqaUVSX8hLXqPFk1CFpbz5BhLBqByhXAZ8vtVYw
kreechures,4NRTVqcNw8uUmfkHxXNq4HZhpVA5XiTziZ8evuVEDp4e
kreechures,Dm3WCguhfVzVGopBAyssAgfwMknMfFuH58HUBSJaNDzk
kreechures,BetVGyWNTsrN5kZB87t2aL114SUdn1kxD2EvYDg6188e
kreechures,9Hn4veknGjCTpY9vW7LdWj6GBPs6mDfGMecG4SjnTx7h
kreechures,AgmFUxqfX4nvEgbJbr1bvrYXy4uvWjtwF52FvZSqWs1C
kreechures,JyLXV1uumTJGwKeeGKxi3oLDjtV5QTpGLDiMh468MP8
kreechures,4MkRy4Ry2fUeXXpgXw7mp8UUEbdb6ojBqkrxznS38jao
kreechures,AppYWA1GF3SHgAzsHe8r7gpW6Tqj5Gxx2PKEUbhbwtBK
kreechures,2Qbc7x4XeQEVmm8sBWfJryRQE47eytJWm3KrWXHjTU6P
kreechures,2hkWdtBZuDHqhiXQYz446ytdmmY7K1NAybwjGQN5Wi32
kreechures,EhPX2Wn5wrvDJHj3jt81PUkrbYYS5ocBRegsPcsX2kfa
kreechures,8D5yeCxigbTCwNnh2bsjLr7YSNtYFoKE1mhvGac9yuJ8
kreechures,Er82R2fkhHbncZ6Posse5F7Vi6EmcGamGaoPn95WBXjB
kreechures,5Dd5qimhubhuYHZ8PmnsR3otJnAF1Mu7QfpL2yWbZuLk
kreechures,9tiZSWPmKuG7YBBRnJpS47N5wJV2LvhjwoREiwJSkHVk
kreechures,BWh4EN47DXLH3759dqF3jd2WZxyHfohZZreUXr4AEgeB
kreechures,3pDX7eBFqskScuQYH8R6XGP8NoGMFrGyBSPvzpa3fe5U
kreechures,Hz32bm1hJVfVsRXtzctyNMhhHKwoM82fJVSzoaAed52N
kreechures,7nXVX42wz38o54PopgemwzJZna4WrYBPBke4ys3aZ6io
kreechures,rmY8VvtmmM4BdDXY3SFMizDEqSyGqy29cELZkBNoppC
kreechures,DJS5cd8tuaWm8jj2k8iAozpvy2xbMUGiso84h79vzGQr
kreechures,Gx9vQ1tBHUrFcuKTsvhXfAJJViumvGvRHqKFeVkQuwny
kreechures,FggC7na23EqzC3kjezjLbEhkcfFiBLZVUqNVrrBAx5UU
kreechures,C1cW8JK3bx1vUxBVrAmgXLJEsfjrasEHdydMYwcapJna
kreechures,C76XFXJx8ZyerhND8ykWBCNGwPexntVwXh9B2pJa77PU
kreechures,3XTzqzNPnfLkcEnyQApEcZ1WqtGF8YpsXb29U1sKDYjA
kreechures,8XBm2MNPUJux2EC6Vs6WPy3U2RzNdRkntg8CXZayrVJC
kreechures,9hpyfhnMp7KLhmUQSwz7wv4BrT6M2RLmhWQrdM3P6ubG
kreechures,7Db3HkDAzkFRqwTGYSLU2ws9GiruR5r9eGFEgRp3MbuV
kreechures,9EwH4ibgMAybtgC87NtjtiAyAZvZDbqSv7hgjVNvSD4o
kreechures,3rbCQyJwXphSJEZwuXidPJywViecNMRiVVoPitdehMBX
kreechures,7roocn12uWpgy85U6jM1S23Sdr6KU8ZKNqPpqEFUTVyK
kreechures,48JrE4qcBtk8VSogKjFrht6n8tHGjNrNkHQaLnehS5EY
kreechures,21jQCgn3YUygptGVaPXh45beb4JVQJfQS5WZfXnd2c9H
kreechures,8nCzYDmKFQzPFVwB4yaoZVToaSFEiawgTm4Z6kBh683W
kreechures,6gjBGxF38ndoynWQ7jeRGWyrTQXuLiceytnhSSgifPeB
kreechures,SbsZk1nCwJTqCioZf3szzMXmRfBbTk466D54dCpTywz
kreechures,9cdYEbe5WzJhXdMuVVTyB3rCeiYPCBimkXnSwFcM8g42
kreechures,8fXDAY8r9APeVYoG9NGmLMrTSfMFfEzunSvnspg4VZW1
kreechures,EE5zsXG34FrbkFLSsdNfgd8KrZKtK2uvdfrBbUggS7Z2
kreechures,DqYEhh9wAsKSksfNWhsHL7Yec6c8PHhPkBnLPhpiWhDX
kreechures,C9FkMKfFqv2gy4UoatRjbRa9nggncrD3neYKt4ZfEkBg
kreechures,J1Qakf8p5ytUG3S3LU8mvTSWVm3ff9GkLVNTVX29DwPF
kreechures,2AwqTA9iBaSyWiJxwj8pXnACYXkn28oyu9JsjZniHeY6
kreechures,7oV8fPCfDvFdPSKzcL2eWDxU6QKY4bceNtWXKypmn9Bu
kreechures,EETJfz1CGfCF9ZnE6MtjHGTtw7FKvjgRp7yymSQm5TRX
kreechures,EDeGXwS9JUVnwyfczUF2np3rxjB6fq8UWKtaWbvELCZ1
kreechures,3PvjmTXb7YxCJ236r6s2bM2BSZiPM7mX9V49fXMTZHBN
kreechures,8LTf6gfVNhh8QPJTXAt4cYkKT9A4ektMkeeobFfPv3jP
kreechures,8BhuxJTHXLGaxmCfDBYtgY4iphJTuanvgaPbzD76ktjU
kreechures,7QkAvvLFxN7GPUxg2x1CfWFgsQj3aANBk6ZtJAy7KkFJ
kreechures,8HbEGzrLZdFD3CHUBVecUtqTqNF149jExvCifro7qpX3
kreechures,7j3ASMYtUzcGpzznvFuBhk2Sh4KCLx4UwWnNCsK8s4RX
kreechures,G71wQ48aPX11LNCRG1HgnQa4NZc2C6e88zEJFSnVnUNr
kreechures,8cjDNT99jALwLKYuQuMAyaWFQEnbVbAH9BHvMZFWCBuG
kreechures,4vqn6ew8wHog9LuCLAsCfjFdGoXNraowXvtePDHjxQTM
kreechures,7A94a7DtYiKXiFReZdPrdpWpWHceiCP7fhYXYUyZVueD
kreechures,7vciPUQzbdtzQcyFh2CEm15yhtSK4RAxKdvsWF9mnYFp
kreechures,3u2qDnCoU5vQYXnGik5nY9ToNmNvhCZGFVnCxVPCAxoR
kreechures,rBWcqrqki5qPbSN5cRuUVbajyyFbjn8p4jqyEXhds4g
kreechures,FdkywFHAGoYY4ZQxBd4EhXBWwUA3RMN5g6LHeCtJ4UtT
kreechures,FephAqaCWbfUZ1DpwHwwe9ubLnNvtVZEUZh8rYN4SoYK
kreechures,BQGwoxBrRhNejCjfas2KZgZjtcDqcVFxRKXEyS3EB6KJ
kreechures,DGw9YDrNNx1kky5BJavW9kuJi2NGvYsoVFYxC482GESH
kreechures,FQyvySwQRJ5W3rsurTmQDR8Wf98YBKrQmwqtFCXXU5Vd
kreechures,C7gf8v4NgnFtWeaH2nAFfzJBD5WR8jZRWPpyKPJQ6vg5
kreechures,pygESEnxRuA3RQrfbV5SyTNbJvW4TmhWCHVEVHsAFQA
kreechures,DVR2zopmPyLdutFZCBrpL7i3GaZ1JB4x6dx975GfEcC1
kreechures,3wyEZPFaEty7oryfDgjq1eTQM55TSXKDbWkjkEtHZPnT
kreechures,74r7c5dUoF6DjzX7Tfz5jGWVCiPLN68rsU3xRirJvY5W
kreechures,AEdaX3pKovTWazfkopZfj955hy5GbGn4soLrT3dmSAkC
kreechures,oJUYmEcpSnaLbxY1hAqoQYnXhrkWRDUivjdxWKqeibi
kreechures,Gy2wqXnvtRzFbHqFn5etFNzJH1gWv1r7V5mmC2kBtXdf
kreechures,CGopC9WLqAYGrkPco9PEdFeNYpKQHUz7HCvVeAFatN7o
kreechures,FAtUdWbDcGahfC72p9UEqmj1jKBuBVG8QfRXvqiozLVt
kreechures,8sCEzcPaqkJqgDCEt9ZugCvecG5RaMR3HAK5XmTpahYb
kreechures,4PkpJGyL65ZHKKPuc3t4BEigw8mUvgrn8QAUp8ymYnGo
kreechures,61iMCEAQwFo8LLQdX6JjUSTTiAawn1h6QaLHWx7pSUfW
kreechures,BeQh8UQbEWd4s3aW4JK3f1x3MqCqP63LCU7wE9FQNmeR
kreechures,ATjbTmkeFvZcFnkc2aajZoAYcHsuqUTaQu8jfei73DTg
kreechures,7f91eKQ5cxr3qV4vLtrehcXMDkuozTA3YP4tZZZybgDG
kreechures,HAfjUGFwv14ZgMrmajSVoWr6Q8CAaJZ3rvWbZTNKFqtV
kreechures,EbENVBk7jJSrSUuVRxSXyvU6ZbEcHxmfz3Mg3CHRrR1f
kreechures,AbvPfneWk4TXbeGrPgaLK5GqdH7dyh4aSHW54K3ubymy
kreechures,24kECRPWPZDAXQDutQXqKxM4BeQEQqx2ccgxNm6bX83k
kreechures,8f19XGG563YxVGcHbY7iyo2x9d4Fcr4EjZYHVUu3tzom
kreechures,12S3Q9m2TbaxZUww6r6GDj89cCif2mjh7u65Car8oUaJ
kreechures,FfvarMCxJj48T7Wq9oLHg35ekTJXaeP63u5HoBsgMP5q
kreechures,J6vKccufo3skUDNvF5SsVTLvwLHdfGqLSN6rk8WobvN1
kreechures,76ZVEUbRNjK7QcVP68Me2ainNjbuKKvumJNXhTm8wSqN
kreechures,FpvrdFkm1V7fgkCZyeuvJbWwV8e3hQ5vETyaGysKNvqK
kreechures,5v7qGFZMaxhnU7gXFaPYBJdxhBqWEaA5bmqA1ioxLaeW
kreechures,5WEtXDUCu3jdeKgoyJfARcoEk5ZQ5b6ZxUntYd3v8shu
kreechures,FmTbacCYt3skGyYvsBrLSPjEHnkQArXEg1cFZRg6fUSW
kreechures,FksjA73nYwuWaRK5wNyxRPoDUKmvTpuws8JS6CL7A6F6
kreechures,FX94nrYKEemU684SqDJVCChMcRg9CYPCJePqzykvGAxm
kreechures,FHVsFic3oDC9UcAx2ndvKH3JpGJGVvtRZg7WKmRC4Giy
kreechures,4PcwxJcrPRkY1yr2WFGRpai9uU1H7g7ikguRWHYzhiSS
kreechures,Bnf4ohyKkiECgRoKP8F46J4N8fmxnoBwLYMbapEF3nuw
kreechures,CmmLwqRbtiRvbBsCMPVKti2MpSdtKyjZuHbXV95HpR9x
kreechures,FXpBGYgUWscHZFbK6heyvHeVW7q4GFm1TDbnrASRuTGy
kreechures,Do93eaL7QuJBVm7Dm6ZNr96V2Qu2AC3xdBmSeGQ5p17x
kreechures,HnnW8UPpiAbck4LwGYEcd3nRHRTP8v7xahckZbrU5DTe
kreechures,5PUEiQY1tRxHfkx4o6ix645aB2sy5Bs3SZMMad8xrMwz
kreechures,FjQtMrub7BxifYW2HaAZLPirJBnN94TB3LuhcrYhHwho
kreechures,3XMJo9pYkdDMZCgKyBY7JT73uHBpQfKi1DGrGzbXsYVE
kreechures,8cEWt9JinQzMufBzbuubK4panWDj1zs6pLUtbE3MW5D1
kreechures,4MqgCkvjEv5t3pPirxm12KuBLE4621veR648mZVGpFiv
kreechures,85ZoNY5TRWVjVEYubTzoBWFfNy75kXaBxqMzcekB1BpW
kreechures,GaqS6SJbd4SK12pavWZYGGkmFh8d7wR76nZSyXzUhKTx
kreechures,8dzVU4GCL2e7GET5p2u9hZx1xzSgCCUDyAbEJq1evPyZ
kreechures,Gw9nT2gjbs2BCDnrHrsYeDkMbiZaYAYXB7r1BrDt8gRF
kreechures,G7Mp8qZ7WjSNaVx1HSySo89LLpfbqHmDrJhoCENcvWL
kreechures,Ca7NmhKbmvatS9oQdTZtkT9nJgho4N2GuR8iNRCpC977
kreechures,ABLwBLCeVoX1MY6KSeZkdASin3NLy4k89rTNCqgRAhDR
kreechures,FeMA4Qz45Pj9azymvUbUjTHUZsRZ6KdDsMrNxj2atZX6
kreechures,dVSpE7pbCuz7H3cbzHdX83zJf36UNKyzw29ZmjFFhkx
kreechures,F6XhMEWYMUvULBB3XYL4pYgfhdXaUqk2CLYLkKpn6BCB
kreechures,FojV6KKeCM8Y7m8SGzj18GgeZiVm2v8XWM4L9TK5EqDv
kreechures,J84zyTZBexsPy4NkPPWwtidnrc3ZE8iaEacE81JYtXLA
kreechures,BiRiB5LBfiTakJyCTm8eTc8YbjE9eZ8sirvtjDgLAuqW
kreechures,CShcNDmeBFnB7SCEEBr5mUGQ1qTpdQYRAoJ4Qxw1J67D
kreechures,5RA4mM9S7RPayn4Tc8Rxk5wL1b73g95PzbzseXGck6kP
kreechures,EwNuAxRFwkWZXzcv9uFwRLAQRWxkmQhJQyCsjUBymWWF
kreechures,CjksvNuusmEcH7S3WVAsFZ8A4s7B7pCWbyz1kiJJhrLb
kreechures,Et5LqqdSqkLW6YoAdR3oFYtxoxUYDjhJX23zPz57Yf5p
kreechures,GWcqcYYVnXMsW5vEM9A7TfznxcvQHKDcq5R42FfaNqB8
kreechures,EqquZdkt2wjkLrPZbL8zLbmXiRwTseGu411dSjDxUERd
kreechures,ErfpeFhSfuZJVWHz3zfDgXMysHm1M7jZPuzUpHPmjcz6
kreechures,F4pS8gzXfpwMDknd3TdhPnekrKMmJhDU5Arj9TaHesgU
kreechures,9uq4hbBMBE3Fo3Vqn8LttgYT89NefAfntq6nfJpQtzW
kreechures,F1J6ETxUqxMDt7QUGa5yScSgsTgwCe8mroTq4PH39JSo
kreechures,EubSYaa9jA4w88wr1C9WXhWAYLyJEYW164qK4fF7G5yj
kreechures,F5K7gLojmTadyXWULkfzUURjAjyi1F67PvqNgv5nqo7M
kreechures,6HGp38rQ9N5mh8oyqy8EyzWCqtLAkZF9yBFR6Mcjoe4K
kreechures,F4DbQUhtZY745gyhuiYGEPKpEukqDtBL25tKyFrXFpDf
kreechures,5Ws1wnnxqwm3wKcBFAXESUhDfv7P9kpHzErS1rXAjFAY
kreechures,J4yqcqA9xrMn24hArM6qooFfXSDfvqzytkAsNnZ62pNV
kreechures,4G4aDm6LDyTXnsVQymTL877hdsFCZ8iDHMsan31P6ywn
kreechures,3bxYCLr2Nogpo7qHCVc7wsk7vgmKtvwQAEUXSDG7o2Ek
kreechures,9vEVYuL7Gqxb7RUzbpLZ3RssVYXeygmeXnKthTfytKCM
kreechures,FB4ogP1C49duRvX87VoLJmLACsrXuvNJGhVMKPXjBmyK
kreechures,8rYekKuFRNyh9hZE3nRkx1dktdjbF9ZTEGu1XRcHrKkF
kreechures,3XD2Abdc6HbBbuYJqG4yzV9fFKncsaZwMFkNuQCDwySX
kreechures,BwComVxxsWT67nnPV14hGHcave8rzsdcvcGEQyZRRVJw
kreechures,FtoDe7GVXhLTJqdnVh2VoKRjqBcgkLz3e9bDk7bdsMDw
kreechures,H4VCdRtxwvRED51BzTMn5QZumnYsk1Du26rREYBjL6D8
kreechures,G19XW8SzNe8MmyVJNFsPXjQRPaqnQBpcmCQ29eRDbtmN
kreechures,3MnRzJWuGnytCXRoheheTk2Krh31aGhatL4AvZDy3242
kreechures,HAPpGFqrFTNgdyC51yZJBxCiX6ikBiLdQTgNMryQeRnc
kreechures,5i2RtqEogVUCmZ7rZphzRgnyLff72w8ztFRrujkn6Gzy
kreechures,AUYGZnikvZN2pTc8WXFRvxXMgwQxnw6xJAs86BWS3eee
kreechures,BSYcFSYKt9QKFavnNHVar98DGxKS41KejhC1P1enr9m6
kreechures,6e6XzDLpyxRF1zBxnx686bY8cwyVpmmZRgNJCte1VWrE
kreechures,9kEbCuxc7PAPH7ntCVtNAR75skdaR3NueRuFa4Q5RhR1
kreechures,E2Sm7TEjRUtrXoonDRR7fUXkp9PkRm33PJxF9rQkrNAY
kreechures,3Y1Kr6ZpQ7qmaKhUdTaBJFzF9N986hxpL5ah2d6F6oPr
kreechures,HBrBa7TkSrNCJZk4tyc6yJJfz2vckBcCGonBLiiJRbSb
kreechures,AN3K2eCiXrawDKs5Z4FgLjrbgKrchcvQmBbBYxd85Dt8
kreechures,9fnqsDr3CdhiGRi6V6hiBwZuTado2QPbGRuLPbLowjG9
kreechures,pw5KHdSCJRgnjvHUHBmAz4vuRG67xvd3YsbyhfSBsk3
kreechures,CX31Fbr1nxtitYZVXWeQg2ZfK7dy5UxtTdnQkCgKHYda
kreechures,7urpWgCxsa8wMNZp9z8sYwVuMm2PoDYMb6fuSB7gcJrp
kreechures,7uRoiCnC3C14ZLN5vzKAaWg7AYHy2b6Z2EgTn6rYcNnc
kreechures,CnpE3XmpJB11Jsvpw5zX8sDkm9FyTwkWTkM9rJTdxDf4
kreechures,7x1cKgwmw4ZUTz1yfDxKU7iZvFE6QfugUqg52h1hSiGf
kreechures,FXgsY225kXSiu6BJqJsfrBQ1QeMEjtZiQrLKzkw66uBf
kreechures,AQ4QCDAzSxTWaKu7xkE29dt3ex91ZGngUzaZ32xsZqYF
kreechures,2GRykGtE1r6KafpuZwHXZ2ojb5YaNhDvAxP4CZGG8ZAp
kreechures,9YyMn2oudFgdFpTF35sSDDpzedfiBVLnAyQTM1Gag6Mr
kreechures,Bvy4rM1vhkCDbpS19foocbyH6hWb197nkQ2FMDVnZAtn
kreechures,gq8RGZwKDQzosu9mi6rJoXbz7WXgZKgRgjGa1J78q11
kreechures,PASTUFeGyQrCA7WCC8r5ZdjNQB1Bq1mG4aFWsjaB2b3
kreechures,EvrHF6tE3A2WXGG3tdgWbzyXz1J2DWESGJNVECYXVby2
kreechures,6jjiRdc2v8N1PYTedr1oFi2SJTGozrTf9eMWKTcNa2Qh
kreechures,8GhtVCSjLRq6f8spvVr5Vzg8TB3LqRLyxFEhi2numudv
kreechures,XHaUpkSrLvcu9po346VE8th7rbcVsbYxdbKfRXSetSP
kreechures,QFHFauidSkRjjSuayA9ekZ23RQDmWuWZJyGrRTNUmgk
kreechures,GRqfMEBZwDdMS8kciswqy5aTB7HiudhYNyT43TFpfYSx
kreechures,4XipbKhP2vEyGLmk6JLuhewypgVEpD4qN54myvx7L5V8
kreechures,7eBVne9uXpsadBpaPw2k1EqWNJnTvvKmKmk5Ew47QVH4
kreechures,CvRJXHkh8okdcp9TyNThccDstbZDUA8eMZjuzKzDt7Qn
kreechures,4s5upJWGaoW6jsMaQ74EN8AiJctXRvSPk2j7QcieoVyZ
kreechures,5dL3VJs5N4nudER3s3tVb7JBvfyBfeMDCyKBE1ZMTKqz
kreechures,HNpwBCja2w1fG5jTYcJKiD9X9Atx3tHNgzfEDUaLkFeh
kreechures,EjpZJxiZzicNq2iNMCpUgo4vcMoneEFiCBE9rrD52dVY
kreechures,FTBnriG7TYZ9BtUWQzdkF79ATooEWBSXmmc1woWAXrVP
kreechures,TeenXLFaiz9CWWPLPRgJvPBapCMbshu5yEeaRuYb9Yz
kreechures,4JgrRjjstJnkQfDWCVWBDxvBXGCpZdP4mXs2TNdHroMZ
kreechures,4PCSMyAcQouKD7W7oyuqWqrQKF5SuapTpfR4JijbYTps
kreechures,2YtnSTLnWLHUF63ehoNWFPgH9ivkWT1CxZXb9H4m6ky6
kreechures,DuKbjtYcnGf84adTvtsmuWNPicoAUR8dqSy6fEE3qUWb
kreechures,ArTCN5K7wThD1DQcxH89zmBPiDSLvqZQNeGVrmJhRHGw
kreechures,5zHCy6JmQQjWY8SgVm6MuGcDKDJFvJbaikqjVgqH9aEz
kreechures,2zaUH5o4BvYrZk9iC6UNGuo22dzxyrhSfrN7v4EA28rz
kreechures,7NKYMraiHDKBfmRnQ7m4xgHPfoNDpCXBzH4UAPqyFgu7
kreechures,7XZ7UfdZJqCT7CA6R2sNtLCNtwotYunvRsdqu3AomWQa
kreechures,9dqgntYkwDMHAipQ8LC7JpmdAojgkQSF6WN6sRnFdJgW
kreechures,4N6dEz8wYfgXi9DJPAT2bfs1soMZJp5PmQjPUmEgSDpJ
kreechures,2F6XctiiuM6EHTGJvn4Df9YtooN95gRsUNGsam34oFDQ
kreechures,Fn4mpgi9bpTY2yPGaK4ix837XHavQS55rZ75TfkB1qhc
kreechures,84RpxQKGqcVxi99Go6Fh2sqJWCZJApfbeFTxcuxRiFEu
kreechures,97m4J3DMsJm9jWLQ9Akn9RQGr7xPAqDbJ9ZwjrxttZCd
kreechures,38Bgp1rEZv1eXyhLJiFciH7az3B23SCQ6usFy5LKU5EA
kreechures,8rFFaqMrMQVy2rDMcV1uMyiRX4anPD1boL5nNNGGr5gt
kreechures,CBkAaFsrj6ihKE5zSfKpmYzJMxK31gHKPs8MdkxqRhVf
kreechures,41CC9prpN4i8oyZd9p53vad3BhXeMkBJhCQDx8vaBKb1
kreechures,5avrBi7pQCAhiAAEMbstMwKaPTeNxA714LbMe9kze5zp
kreechures,DWw877mUR1iChQwuKpW7NFbKqivzob5PYZNAD48vxD88
kreechures,4xEsu2DcnrurXYfbsALPejCKrwRbuwjHwRNdPAXQ2qRk
kreechures,FXMP6N5ResJ29UCosh4WK654px4doQ251sX8KtGt5guf
kreechures,DjwhFViyqhjDSKkmHhbrKGskcHYHjmFXUtMnn2u4nSb4
kreechures,A425nyJkX39gBG1LmWULKHDmCidt7Bv7aEH4vx5E7uFs
kreechures,BDT4qPuL5beTguDfDCrhDwTeSVs1sRzhNUW7QeFmbZRR
kreechures,4BEJQQTZeV36E4KebGx2ehb5H1go5XP7WVWq3DbZB8td
kreechures,9tkxm3wmG8ZWEdNwwH1k2aZBBGo4WjWNeUYf7wMHZHRF
kreechures,HQtSW5iG4Jm1cxd8VCsqDJ2Z1RfRE3P5TBps8gZFcWNT
kreechures,CfCBEkJsVRJGAnQuKG6Y6k2oRFkApz4xvsbhcF3nPs3L
kreechures,Chpev78RRscgoL7N895xpGnqoAZAaGcAocRQ1evXQGgG
kreechures,5CBmLwei9uV1ibZwV6v4b9K7tP9woD1UqANTTwdSi3i4
kreechures,Ei2zbkMpUsKkv4nJdo1ua2RDhmrAvd7zhFL5ANViYk3y
kreechures,8kd1ooJLjRekcM1A9m7KkixNvFssehzHZcs8bJSGLDAg
kreechures,4P3umX5bLr314YGgsbcte1236oa1FZqKYfkZgYsspA5E
kreechures,3FGXJbgFvnBhhE4JYjriU1PQTQ2sgoqE2WjAWBanRwDw
kreechures,5KjJReM3ur3R3iFZYhYKVjt3m9NdFij3McXDCDiXykg7
kreechures,GZxGYD8ATErJ7tZD1rEFdSW4thQMVo32Gw6NWhnxpVGR
kreechures,7ZGFFUW3hiAMtyFKH9B95gqVWgMKzDZNjKsGNt6xu6Sn
kreechures,5ip67q6dmr4FMfPPtQ7s4NeLAubF3PzxEptTckfKyYoj
kreechures,G2YuyGxFdjnsRoCNQphTNwV18BP5k4j6SawoSdMXMSnv
kreechures,DYvL9KX1C3ZG1ZoVec8mN3HvSc6dRXH5nf9HDbiJXave
kreechures,5Na4pffD65J3vhwxLf8Evpmzi1mhHx1h41xEkfyxqben
kreechures,UTAwVeDHuyChMeumZtdp7GXANtXThfA1Edovo2FqArB
kreechures,7jxcP7jydffhP5eU5rEVeqxeFojsBezf7dpiW6vwhsUH
kreechures,5UCWpHTEy85B8DHzgfFGY7LE7rjEKMZ73DKLgw4PXhA6
kreechures,7nJ6bkBHtKJfGsefPt9w8WTuDZWQBMtp88FFLmbRTQdG
kreechures,3xGL87b2v6jvDJjXwZWdgwgBxqPvTpeZFpQ6ia1LSCRo
kreechures,3PnCAbht3nBFdPKYigNybyhspNbcrymJo7weJMgjBsXv
kreechures,G8BcyLhPFQzTZcPS583k36WHv5Rj8LJcqmCQHGTxcKm8
kreechures,6dwHgFn2MmSTSkKJaNZZxME8pcPRRTrQZPxT12c3a31z
kreechures,FP1W7kFzFUFNR5527T5omYT1awcoaMp8CAxvbnpDB9vL
kreechures,Dx7oUiMBoD2s5cCg1HTr8EVywUhMpWh4v4MUxF8RGsc4
kreechures,Ea6z5xqaxk9L6Sx9qqwzNKUqE8QCCTiSs58gPpo61yAB
kreechures,2sW8QZsrbghsrTaokBoKHZinKfBFKb2diC4MLwPyyuGS
kreechures,Af7BAR2R59fEprL5nULonKHyMcJEDiewqrFrqLp9ma8P
kreechures,8puKeMQpRJf7UdL1UDrqvT8of3ZJPCrKBD7vqsxbjpe2
kreechures,635bqyX3QczNHhH58wPumKCnsip7WrLwk72bjixNSr2v
kreechures,5TSzGL7tyGBrvTydcRLb4keeqfaqVe4VnKxHZ9FcLucz
kreechures,8cJ2wTGhZHpLk4mZqDjyBfwayB7Yz8qvcBCsKKmwki8c
kreechures,8MK55U1CvQbH7m8LMPwiWFyKNndU6A4C4mRp1iLJsmqk
kreechures,HhbiKRjWMgjYDqrkNGtJJqjaMZ1H26tEGJGM7phnPVoz
kreechures,DGoD7WwMGHSNXGFJjG25BjAF7qWHGAzvzX677qqEGDku
kreechures,6PbXKaP8BSi4NmdcZo1BVRJurWqUj4TpLjMLs4Dasu71
kreechures,CWbbXrDLfs25Eus8tMgj3Th5FqUPkgs1LaDoZdKTWPoh
kreechures,3hnimKiMFtzpg9nvq4CYiU6rAU2KxLjVxVyMB5qUmsJT
kreechures,ECXNsHcpwmaDEVpMrznBP7d6hDQ48S2peN5xG65XZwGM
kreechures,8yH4Y8BKNVtgKKqK5diNq7QZV7aHkrEjj7u6w13M35K7
kreechures,FD1XSE71cAssxL6PfaZ73PAoU2VUKn6WMsawxydoJckr
kreechures,9NCUEoN8TtFSJPjsz1LDBt1EzZNxHRf3RK1TzoLuYZ82
kreechures,HMccKHqVQZYSMczfwpDj5DQd18bsqq7iqEVqWP31BP4s
kreechures,J6wS2q8S65yXs948NqeEWhSfrB7nAqTPzbeHAdgZ9u2e
kreechures,GY3M5yTwfyhbT7EPTpHHbbzdRSeGmER7ABYoB5g6vPdP
kreechures,3oMdXnpc8ryvWwDCeuSa3dEHeb9q2KpuxD6LKLXJiwhQ
kreechures,BQ463stQ58rgxbHC7haAJU3ZtWyXWneDz7dneT2gn3zY
kreechures,ArhuRh6QJgWFhU5Mr8AvnfMfaEmdQyrXRAEhaZu6cP9N
kreechures,8gWXq47fs3mdqzXwm9Rmcdupq5hJ6UKyU4d7DGcv6khX
kreechures,9tGt2GwdoM7AF56A83uMcdYjRkxNEoxZZQYEwZGuotx3
kreechures,Dk1HPWGw2LKHaPzk3bm6bHDRVNusiocbrhf3m3C29SwT
kreechures,GUYVdeVh4udG6X7SR42iSL6AyDafHvmoJzQFjNQRRw5
kreechures,FgrPPC99SwPEPykGogqY53FaxoYzBtJYj34F2LFoZSxh
kreechures,Hj314WCLNyz9wHx6GCEeB8Xs5xHm6Pz6EoSR112nMReN
kreechures,2rPk1CaYWMiGtPTi7E342mgxF4DdoMEwB7Duxsas8qzj
kreechures,8dBrNhoV4XADCJDQtXfF8L7s4oFTYE2ZNNPwbMLboDCZ
kreechures,46SgMDMUcvRY29WJ3P4b9f1jKV7i67ugXQDYTXPS5Lw3
kreechures,FAZZHamBeEZ6gNU3tinHKqVLm2biMANCSWpqpJhbeXPk
kreechures,GTu7iVpEpTDzVzBT9wogmL7FFT4cUCpRXZnwqnywxa4F
kreechures,5D4zyVuPfqqVaLs798hNpo1HV5AB5GVMVNYHQm2L7e3D
kreechures,Df5Jqv7RvRe9WibYTnUitW5Lk3iad5v5EDM9bHFEYFUz
kreechures,FqNB26h27s3CS8ZhnVcnk8835eUnUiRts2yMDcbTy4Yi
kreechures,E7SkwoYzYh3b7ifw2UUE1Z3naKKeWHcJiGhEE5aBhWra
kreechures,34y1DYQTQUhc8nEjmaoZUqZKs8YgHGLTq2HMXKcN72Tz
kreechures,9wesyZTcnmwxdRLMvpYA2xkW6LFiy9vC6APrVNSUAD8u
kreechures,2ArK7qRNBWgyzBwLZGzLenJmzbzrLR6uP5MLjy3cA2WT
kreechures,8bMvnw4oA22UDnTaLSadnk6NDvuqx2p15DtXxLj6KbgQ
kreechures,GPjuvw2x19QuJhRMwNf5eo9sNt29xFsGTWFDCVD8qba3
kreechures,2WYM9UibXYpXG5aWuaXLH5uUZKr8tafbPfundnEpMVkA
kreechures,uuzjVLznH91g4UkNkjZTEvNTwPydw8Tm2UbCPaMyYmo
kreechures,3rc1xkwRFP9hSyV8Uqk4H4Jr4N8oNZcbFKiX33CfCFyf
kreechures,4iXdqbbQuEzNNSKUdqBSos5wqXV7T8koakd5bdXipdLa
kreechures,3kWRQU5FVa8TbUQZKDgty2TzE1CX4U1wZN7cuPW3vJSY
kreechures,GDiRQQuNNyuhGWnX9oWExfk1WSkSz9vwa8RcUptnmNc1
kreechures,2jyNvBqwMDZXJhDzU4XDR4NyDLE7RWEuMhj7pjaefdMM
kreechures,HNqSmo7pox7Hrdvag1kv899sSU3cQzANZQF8KrutPrh3
kreechures,3ZPTRPZaEqqvXCj1dH2cuX61p2533dZfPGgo34oMryMP
kreechures,2U5ayg3MV3p3e3UJG4aH68nLCD1hAT2bxNzkeMSnhMdi
kreechures,DCZ48TtDqXyHqbGQ7ET2kx8BcSotcSt6CNQJvjgtPPZi
kreechures,GbppYFx7M3efyLuPbU6TQtnW5tMmFfwioRu1vyJMdQKf
kreechures,CMHHpCY5HYUcE8N16n5CfNmgKJx3Ys1DTmoCYbirbqHj
kreechures,HsA6C3MtSZWdTntEKitdXRJTYmuVs6yuByJ8xNRv2SYE
kreechures,7p6DQUuXRDnA5DeRJgp9pk9QrvCy55HjUkoWXC1WakVh
kreechures,6FdHbVHugnBTtzv5vjE2YSTqYKT4cgcHmM2tL7vuZq8X
kreechures,DAZCJArgzwWL6UJ4eeqv9E4cVWy3E2JtNC9DnfpYDpAE
kreechures,2FUmbpHvSPVqGYZB6FyLs9sAJKspud6fugBMUPW2pYyk
kreechures,9XCYzWbTLtqGAmDf8frt8wFAbVwY9wrymy8ysKRPZn6n
kreechures,5wfabSPRktyQULRfsYJmPz2JdxjGWrFfVXysTesYmENE
kreechures,8p3BqEfn7s66cz4RpVUhGY8moemGhPwRH7zbitAwDoc6
kreechures,5TVkCTY8X24N3idk51p75gFh98T2x8j8VBqAwTkHYsGH
kreechures,DDHLKzeD7ekdVUFDmbpJr8VVCh8p5Ksff4822AEsRFoV
kreechures,ETsYebpoxyuw6fb2cdDmAGSYKpvbFe7RsLmVvyRnwtsu
kreechures,G1qvdA1sN7igKqSFJM2NNsndGgr2XJKQYQeDXywhyoGF
kreechures,55WXmz9vJhXhhh4rmWe1ynkVn65YJ7AHDdQ9rUfWHfsM
kreechures,8UQvRNjL79i9myZ62aCDH41gbupBkgFr4L4e5rqMdXB3
kreechures,6e178d69Ba1Hos2M35f8obLwwydKjXWdT7bDhT65arFy
kreechures,FcHhWgqLCoDB9mUC3LXA4MdcM9toRjFXuqiJyPwYeCki
kreechures,8GvT4bSNdwMEtEsTCWB9PSeQ56VnorAijRdxfQDSsnbT
kreechures,9F7JyYzu4r7BiGMevSw6w64C5oYzCPuh25CXR9vTuZBp
kreechures,43zBXAiZMSGYjENFcx7f2MwqxkW2twxi58azoVbMimT8
kreechures,Gscoy4BmJdSr6Wfxh9uGkMcmJRCPM9guYQLAnpGqFWNi
kreechures,Hha4bjvqAPRZPSqagH1xMCaVNhzKpdLiM8t4vxf35GaS
kreechures,3HdhMDRFdjPorZuMoYYhHoi7WB2y6LY2cTdt9t4QTDhU
kreechures,AJbY6VThfV6XEPUR6WhmcbaCvYyYWcXvJFKMNxoPdjnJ
kreechures,JDNJ996XqsMtZemGiTJ5kEQZeR5ZAkRxLPKXi6UKy7Kn
kreechures,31562jRZXyg1DZH4GiYoyYqA5theDAkDQbgq9kGNAi2r
kreechures,4NXw7yY76Pyrb7aZPBV2aWZE3fkzo9b39QgQ43oLzXzA
kreechures,rpxQkPXNmkdzJL7HEZ7VPDP4W9R3p88sEzLnK3xWXvq
kreechures,4atVQuhRhKZZZnxaPX1w25mKrQiGzLYANtVjiJv2z3Ur
kreechures,7puSuGHvhDgqMaiKQnmzDuGUH29nhnUKAuPX263ynPqK
kreechures,BNyrKj8xoGzWoP8dyyWk3RtM2TAaaPNTMRa9WVrfZ6wE
kreechures,8c8sgmCooV4dDV6YbQ63cqgcKaTuPQMVxSNpcz25nPDH
kreechures,Cj1bDeAbPzgqNaJ8Rg4fiWkoGeqF1dftPuL2Qkmju9Hg
kreechures,5b9HMW7Fp5rqh4fBzWZNwsCGJXStmyUtJw4rbbYpPvjD
kreechures,HPByGwgZzXyhx4ooZTue5mDwSoTDgohB46fH6UZ6RmXY
kreechures,AWQBzKPACAjVXuHJhj5MDNJqBGvW8LUhLP6V96dMgA8N
kreechures,51DwS2SGnFtTPQBcnALif5PysQFWy3J4o2ahPog6zQzm
kreechures,B9nLBXZmYmoWds6kJSV4Htxx7ZrJJiLnFxQmqJvHYCdG
kreechures,GFrV4vLRU2XTuCuUW8UYZoXCcXPEE4Dk6qxbs48t31eP
kreechures,9huYEyyR6hLFeMaVJHzEjeVCxZo8FqZC4peZ8WHnV4nS
kreechures,ANQAahP952DwbGcJ2Kodci5hsZySpy7tFTAr6YuNNRwT
kreechures,8Bs4wzXdcJTW2iKi3DwnWMoTmE6nENFDFVerrykJnN2G
kreechures,7S8QsfFsj8sKPEdX8LmNiSkq22r8La8tESCBYFjmnKs4
kreechures,EgBFGJn3iAWdowqvY18ULrZBU5ZJTH1zmot2c2nvvEP6
kreechures,2rmN5ncjuFkbZNaAJ5ybwdDQLBo2uWgnCUnd2WoU3YwL
kreechures,HJz6na385v89JgL9wNri9aNHZRozgZoXDPpwXrCT4v3z
kreechures,726eSYwzQV4eC8ASCSTN5XgJEJFbziQxWgzhoyESKgW5
kreechures,ALzy4pqYrWY9uvhCGcAPfY2cXQtHa1EYMZyxcQCKb4zF
kreechures,B2ZAKazUrhgKm8u1LSJ9P3f5LVxZ5i5zRMzazDmn5KiQ
kreechures,AmSqkDDJYRYtxkqquwGssVAyuu3tAscXjag59mXh6PHU
kreechures,Aa1JpXzqLXFkmmQWp9hS5eULpBfMc9kPxbeaaGGCqc4k
kreechures,14WC3zRGrdP4NA7TMut9AbTW5ZGkHcGuMJuFaymAVUK2
kreechures,3Bs9aTTAhmugXDqHZ5V1cPq6Sp7UNPErEmDLrYQG99Dm
kreechures,HrX4DFLiN8724ctu3mKHNQ4kJbrBQ1VwxH2guHAToy27
kreechures,J3y27iWna6ipYJsB8puLjj9gs768UrwioukAayWcydhg
kreechures,HjPfZ8HURCSoU4oXURVyoeqPpXTnNSjFLa2Ak1DmGNJ
kreechures,3wDzC3ej9u6T5RCAYkYi6JgnJv582RMFdBYGg8fefBJV
kreechures,8ZpZBMDrMpAsTJnKcA7G9bddgv9SjtYRw8qFoYCiyECB
kreechures,Hu7E8q3Zi5xxXKDiN5HSFuE6zsWMDoGv5CAMkowJD5QC
kreechures,HZR58hcxiw5fuYC5HS2Bs5W5kWixbHxGDavzqbT1toQS
kreechures,3hSG3j1ZL6N7zJYnd478HFvcsDhT47yPtUcjscP1eArh
kreechures,DDoMBW54mBS6QtBxQajmn4YPUNX1MmG9zHCdFgWXHK9T
kreechures,26P5zN97BjWYBa5Q4e3qfW95oR6DhkcjdQum14dAsWht
kreechures,F5Db8kmjhcBrZhqiqvzJTK1yCiDALUVqEDqmmWj8qrCw
kreechures,138qPdegpEnV8Vgg6GTzGKY5mCMMRBjDmhKn8cRoADyz
kreechures,BRWQsfyQPBPhJD46wJync11qkQmJLSQ4juczikXJxYtg
kreechures,CX6UfdXuUShrijvZFoXp894XYZ1XYLQfRsj2itDjJ9Zq
kreechures,AW5zvRzDDRswxDTNM7FgXepCuCa6NnfyeWu4n1VoDRXZ
kreechures,CDeA1ocsBdy5XNEzysgGHni8C89QePiJTZANXRmkQZmv
kreechures,BrDbFT1CKAU8f4g2yDpWzgjpvyd1DcygUQvE1gFY5vdG
kreechures,Du7k3N1Ewp4v1Nj5xqJkWL8MTiFmeq7DZj2vUJRURpXU
kreechures,qy2xAFAtrGW27Lc1UekuXE7SVqC3pxidhn77RMXXFzE
kreechures,E31jo4q42pFWHYmkXshQuBi34Xm4JrB54yEUX3NzL6cC
kreechures,B1FsQ321CwAcY7PkEmzNHEDL19zGckAiQ4i86y6QmARe
kreechures,HL6U4zmratAcGfwn9n2cXsV4QeubAeEoeicbqPQLbK9i
kreechures,8taPm9WTBaps5nRPzmWn7mUGt48PvAqFpsJAXb6uj1LA
kreechures,AnCN8zEbComZ7bCKv7UKYpk5EP2k6VtFAdKQ9MQhQbkD
kreechures,CEXeEUhCLKW1aUe8yyLAbefkPNToqHJga5PT8k2KVqYb
kreechures,641xngsRXmiaV1CFc7Ste5xhZ6GWPMgRLchkHXwSvCeE
kreechures,8fYJr3fkab7vK4X6YnikRRuH15pbu6ie3K9h8qjnXkbn
kreechures,G8QDyDhJfebmzNdmkEeF78HbEuK4fFdhwuK3Qm7SyEG4
kreechures,Ekp2V26opC8HbhB8Ja7ojNKRqRxDKCMk2pCBgraiNcEm
kreechures,Cm8zVL7jVPzgWBWDzWtv3pRpsap1BnPXHnQtnt7TAp3x
kreechures,DYcyp2w5i3iScfeBaJ1mQGzAZ6Nx8H95FvX5hNNcF34o
kreechures,Y7YszSyDg6XCvnFdmd3W8y7dLZN7mZR3w5jJYqiV5VU
kreechures,7dB5rHn42tyb2fT1x8UxC7tiqnRabFWQPe5B2Nm1Pm4Q
kreechures,8G47Y46W8tftR5Ag85nwbZAmFgnPSeDmJnnPjVkxpRJv
kreechures,5HrRQGqXbv2ZUAjLUMVwTLVpNczLJPrTRXwDxrSKssn5
kreechures,7ynhXQqojerWWPxssh3wHu3AiUS4X5LDwDPy79nybVDZ
kreechures,A7TSsCpkEVwBPCGtTATGugqaQMDhp9kdiqriFRZYBkwp
kreechures,nPwtFEbvSZu155vWnHsfnU6YcTSoDdx4Fg2yZXUQb5Y
kreechures,9SPN2etUBE29nNK5xefLoQev3nVCTtzx6cYdUAiQKzyT
kreechures,CNFKC5QWTYn7Q51JUrjhhJajxZG2vtb9Ys5kGwpH9fw9
kreechures,bw4e7p2EyUCSZgJwehBsiqEyg9pWJJTRQ6aYMtcwqBd
kreechures,3SeDngBfVK5NMqgXuCHbyzYKrZ7sieCUPBRRpoF9cnNb
kreechures,EkyS8Dv7SUNUw9QJCkQccv4NAmzyiX55AX28LxF7TuxE
kreechures,BYRfrwT2H12yFezKmjZQcuU3syYSc71huvtwhH493ZqB
kreechures,Fqkgqo6T13ryYLYvnCUUaqRcbbq6qV24WrK9oCi8kgnq
kreechures,Bq7ZCSjedX6SHy54E2Wcsh9SNy5X85DoQwvtPT8fk6ug
kreechures,H5me6BCXLRxbRkBbENaPHoc63sFCpXDuey7pxso8yw4i
kreechures,3YvmA3VGf4FbaCWS2wZhd11X3xseZE8jzKJNcGtLvYyi
kreechures,8maNTFLH3E31QV7FUgpMmMjdPAo8U4neKedqz5ePqwdT
kreechures,CpDTecJE6KqGBwRp91MWFmR2md6eej2yN36YZPZVA945
kreechures,Ci7AJT75119Xb1yAMvGaQvSnq1gMgaTVxvrPciNCeLrb
kreechures,7feDf6o8CV53WDzAH4rtP6gJnUnZcZQYwqqNu1MWto4t
kreechures,Co5sLLFRyiBZfQoRdARh6pWT7gKMPf61dhM3BLERcJrP
kreechures,4ks73PmFJRyF1M2Yi5NVGaMm7y6PTMiNjUCKZBwLjQoe
kreechures,64A5uGwe7ratRsGeFV8diVkgh65vEX1ADG6PvfXvXF8J
kreechures,FWb2XYRPHc3jL56qgJe8PtkUffRYUr3ZjBgazNPu1YWp
kreechures,GwpUC9FBz6HCmZWhjHFfdyQE1G8AS9v6UEd5mWx8c4Pq
kreechures,BCFiSTmpLhtKJkkZrxNVKkKjHtPWqbg5NDoApoUEFHG
kreechures,HBHbvCZoDuF8spE9juemVy5w3VFXbsoHJGmyQTjwGEp4
kreechures,DgZrQjYbvAcbQ2rmueYcft7iNx1iKZCHmuc1hVwkoUaa
kreechures,gh45rGwZNYjGwNSwBwZYzqFEQ6crd3mXxGt17e3CGnf
kreechures,ELzT8Wh2XswxedfYpVo7n6pNX47XGDkgQPnJT5gQUnoU
kreechures,CDzrJ3pSGHQ6JLMjfbS5zttSc5fTyBCjVDUFGdpbBH5k
kreechures,8b8rhoViQ52tZ5T8KjvEBEP4a99aEFNCQxan6jvSQzKg
kreechures,6ihtghdFdXnGvV4EUgXMQeUqPh3AHRys4YVohn8TCuhS
kreechures,GFVR2cvk3KXmogUC8mkE6gzmiBFCXz92q9bUCdzP9AQe
kreechures,Hq6ZCoGMzgWWdvLUUcU7jSLzf4jxFR7Y9HPPQTvrQx5d
kreechures,3VYZ2tZbt2JAUmSoNRLyMzrLvo3H4A3PBGzwpNAKLh4Y
kreechures,5icuHR2JNWMwbAAYUkpznXvM5E6XTaH6tJWCLcRQiNFi
kreechures,8qrKYRaQZgTnc3tKQivw3ZZ1Bfi2Q98A99XJW17mQtVX
kreechures,4rLNUfkGzjvHuaLXGFFsyFv7EBaFrQqzxX68pZcmc7Gi
kreechures,A4mRg5fLPeiGUsT4G9xEwdvjwuuv2yV94W5tusqHY7iK
kreechures,GTx1FPCF2sr3B9jFnmJJs3hrJeQz5tAXFUdjvphL9sMg
kreechures,D9RDjqYB3qmpYcTHDRFcTYVgy4Cv854y1y4q42SmgjWZ
kreechures,EwpdAj3YtXb4fKNVM4kw3UnGQofLKoFUmku6KUWW4onE
kreechures,EfSKunAxwkGSjsirgH2tae6WRJTK5fDoAS2kQdeDzie6
kreechures,3o2ntFRaCZaCuzKVK75sKwnHooxGVe8MJK8qsknbkY1r
kreechures,D33QYfcwUpDvFfZcoh2kkdRYKW4JYddhwKvQMKJbUqAc
kreechures,HHB5o7HpPanVaJoJ7NSLKGnKxwNErRsjwjx9EVQN9ti7
kreechures,7Hm38XtFgicD82n6UHdyikQXEqADS5yUNoSqcPqk95mY
kreechures,APTQqQAyixzFEAet72yJuHjJLYzVpc2GzARF3fEXowJr
kreechures,AD2VfvPcckrcijveFWkcshnqdXaRYMoT47WHuaVCDmys
kreechures,Chte1G4weqMZ6JPHHv2tLNAbHconPwz1Hz8Cy8c9NvNT
kreechures,5EXpNwgn41ZkRx8yXcJbVnb7A7VssbTQvCywj7W4yuiJ
kreechures,J8vRoS6jgn1bhHibPwJzmrVSpxTQDuXxMvotFTJQZkqU
kreechures,G9Re1J7huQSyjKMpoky7axftnX1EHB4zGXZJefwbRgc4
kreechures,Dt9aji8CrbXSTSnjCANzdoPRkMs42WnwU2GzBYHwa4yJ
kreechures,CnpqqPFUzK2wXA4FVKiXntMCgEzqsKFuzVmmjc6NuPkm
kreechures,D8VoZJcXGp3ZwX8RTxochPTGBQNFBkY7GmuZvZpc5oJ7
kreechures,JxEzHQvmxULLpXisUnEedigQUyMX9PsG7DYnknzeEyw
kreechures,F1WEHJkeUXG42zM5wQVMZWC2r5oem3G6oxfwJ9kQ2ThD
kreechures,5ZjBGmtPD6WGCNCGYNKvEK6F7CiavPsKGEZe2kbof3S5
kreechures,DGqDVaU8qCbBrmjmQrnYyZ7f5TdR85riiRc9KJS2umWJ
kreechures,4JfJznzN7AvnuUELrJtkHFcNV2gdqZqAAeUoU3831i7Y
kreechures,z5tcA7RD67z9GsPMce6VpN5gZeqyodzKEXES1BRjqT4
kreechures,HqtTBYad5TuY4fUU1M6SVA4qDM2Za9GejjGJpaLGqvTU
kreechures,Dq9k35a1RePhFKkT2NvrTLmaooqsHtNDPorVEfMiA2a6
kreechures,GHphT9N4zVQTJ8MPpMMvohxEBT66rhtPVV1DaBFjsTLp
kreechures,E64gKshyjPwXk6bPUGEC2nHdFWVLHqEwvLeMKtsU3oRV
kreechures,5JUQ2nrfB3wKhj53s7NF7GubkG3cJfb2JY2tjECWu85a
kreechures,H2iDeVF5qpg9wVS7wrGFD7FdV8b9YVGFPXZSaPv8tKzi
kreechures,DmV8AdUVPLbpUTMg8W35yaXgNu8ZSh7TveZXRpkjKmCW
kreechures,pVqdA1WvHDgccLFpDe6ReAV5mzjwigCTZC6QL84p3tE
kreechures,FPWBH56pi8TcUaX68q5jcTrkF7HZPtRHeNmRQseCrYti
kreechures,FXAsAbxnf6dh3UAtKYza7qN931eAucvTRxpjs481ZvU1
kreechures,9RFoUC2U34AFLBPKMC1RFqw8SEqkYaon3r7HukHWer8u
kreechures,Du5jVaHYARY7WC9GXfM3DvHHKT3TyH9ivhxHwCsrmgxh
kreechures,9kuTH3hVXXCq8BqYEwMpVHdqgncodRsc36jSsQfseB69
kreechures,AWVciEeJZwc3nceRKgtSAanmSEB3od6FnLqk57B5Jxhi
kreechures,2UWwXnnZWaqKMyStN879zFY28WVxZvJXMxy4Cyxbhfiu
kreechures,4A6izX9ZJqCNHkjz1SyLqWx2Umt5Ye4ZBAiPzJAFsrtg
kreechures,9dJ9QUdrVPPQ9gLVtnWpyS4Y4WUjFzPxD1FrpRo16SXH
kreechures,6k1cCEKHhbu8HFc6zyG7xjzvyFzMSmTzcMmKm5NyPxgk
kreechures,3WWzTMpiWqEPrGb9Ev5dr8csz5emD3LqUFxXKNSuSyRo
kreechures,GF1SA7B8gYT2tunWvvNbP4nCzCgjGpsvJ28a9tzKdFMg
kreechures,GX82cm7butPowkN9yYRR3desLki6eJTyH24RFc6skttr
kreechures,6FC43KtY9WB6n9FyNin8HKxn9tjjgQBydGeVqm6CHVCw
kreechures,DJsM7iHxzCAJ9BdisRaRMiVe1aFscdxk43to11ffpkrs
kreechures,dg2NhnX3PrzJ3NyejhBaVKRdeKUZFjPWe3XLGwq1mEE
kreechures,3htZTtJozZDVtX1ZAxDML74SmRE3pRQu1W8quiUwXhbT
kreechures,GAruXtx3WbhLPYhrky6KFhxpUQ84dFDV6FjE2xCP1fvM
kreechures,8GAy44JyjLF5REHZEsMrF4BmpJkYDhoPyeBE7GGHgqsT
kreechures,Hs6UXHZALjg1srYQyUcKJ86TBiAJoQvypA9ktLWLUn1D
kreechures,68ewNza43q7BPgpqSgAu8zHdzw5oto75Y1nUdScLxsNJ
kreechures,aQaHjDk5HefSyvDQdjjgeuGjRSjTdUQx3AcFiu2YJ2P
kreechures,Bywja1ozcCS75zAvscL4ai9HKhhxSGLCtCLJWrjFsGnF
kreechures,CKcjbRDRQFWHz6GpvMCSWYVqPadAhGJARCY1kFpkkNGW
kreechures,8K8uHbV5V33tqPCC2HBbnFKkqYk5bBaGaxgqUATVWMQ8
kreechures,AMydcJ8WxXFh7VAHrbNaPTv8TJSasDSSfmzzWBnxE2fy
kreechures,6FLNAKm1fBZ11bSwLCrMAdeJCfiL3A3yuZZcZ15akhLg
kreechures,9pQ5GkV2Kf1Ysn8d4Xet7X2KGrxbYQmhjty7wts9nbeK
kreechures,AU1CJVH3WKLTbgUYKb5DvJDwmsMYWzwn51ctf3DNmbAM
kreechures,6q6kvc8XE7qyZxwZ1VNKDUVe19g63gctLuHK6ucw3DE
kreechures,A1QigvJt3cjahYbr6WezdhXAmVZ9AqAuo2mBTjQqZAkL
kreechures,GpSVpS4sA8yZbZ1nZw4E22WBXhZo2MGHHuRLEozQ1DLd
kreechures,Bpxf8tkWvweUetrtoazNFhPNZQ7hY6TEh68667HZM68B
kreechures,CHvhTAop41hfiFRRqL2HfZUhumdPi8BgXAayP5ZPvydC
kreechures,AiREhopRNrawkn27PM8GNzTLhRrRxhSjTPwp18X6xEvF
kreechures,CgABZwxnifN39EumyEiFxQi1Xf4rHTR1pZVnfPU6tBmW
kreechures,7d9UZDHQDXVX4VPjiWUnJxZ56Ej5vuFUs3FgXEyQLJTL
kreechures,6scHGDgokNrgVUAUtAwuMtnEeS4Txi3NL24C7RfoGtYX
kreechures,2utqJ5ahNNbzMK68JoH611ALvw8HYsECbTXXLmA5hoxp
kreechures,39aqiWd1RaKd5j246VSf2BEzzPAsHC3uugDKDMd5HLxm
kreechures,5Nwb27Bsy88GzjamXuXc74f2svpHFYi5iA3x9L627v1r
kreechures,4rDJwLP98tVTH4sa3F1LmtSqsu1dZEbZj5QXPs3p2MLU
kreechures,7DFPC2awEVpzrhS4sBBnG1vNm3xG9ZLhc1u7othn2dqM
kreechures,BU8YaU4ESDovoy2cZjfhHaj9RKJP4A4GqVZEPC23vYzE
kreechures,1KePJ9M9QwrG2TFpdTZ155U79C274j7yyUAn3SPCUhj
kreechures,GTAfcG9UapyUxEehGarmDoReNWmMzDUTCXCrm868wBBt
kreechures,9grnY7KESJ59s2qcZDxhi23ST9UNfdhqhd67zoAkYrdU
kreechures,1334pmV3RHkLNDAEcoJDue8gD9cByXvUAoLE6R78yNvp
kreechures,Avnkky2V3i6A47P8ZrFf1aUPzGBZPLR4A1KhW6q7n7WQ
kreechures,DcJf2uEAbnkWpCthSe2KygWQLvm9HLZYTr3wBivCyXUd
kreechures,FgCwDG54QsG6WnRcYd4jRWPugXFe3FrfVQJ5VDkog5Qu
kreechures,B8Ziwb7W9WtkWnngk5wVKWaiN7irjBKtDXu5hYqRMZQm
kreechures,HbFQLGKiHfNJtyW31dfhFHAsnf61NVdtLyjGXF7WJQf3
kreechures,4hBkvPgKy38jc3eX55xDAnEaHoeJfo6vin2QuPcg8qDH
kreechures,HRQa2EqJZRLaDCbmQSEa8x3Wjx3ZNVNvwZCHMC5auawz
kreechures,9yi6nfKiCvGoitGkbymnCCpY1STBzru9P1d1ARerEykr
kreechures,C1C25eGL6xzcfD5nQ1EH4PVKxySP2cpMKma41KcKhx74
kreechures,8xSK67HW4J1S863ZxoZ986aaWQgKv9faGC2xiad2o6AK
kreechures,HXojczZqrV73HH2yp3RJGG66SMmkwybyVu7ZUfavRG2k
kreechures,GgbVkyhX8Fc8hWwgiM9KJ8TbAwUVMecVQnBPr33U8DJa
kreechures,EpQgZGnkVAHwF2mKcRSgvp4vxr5xomUYxQ1TnQDi26yS
kreechures,5fNDXpWKCQaZetWLyBsJvtxooexRuT1NmsJtnnKpXZR8
kreechures,oDWhYP23LsBnR49EW2DCmXP2AEQHUdCdT1fADtVbe47
kreechures,Hdcv6tdWR58zRpcCyuFF9N2uQbHjE1jPxyLsp15yUgSm
kreechures,Ad6Bv1jq7zbtixBvX8EhtZd1D3m6ZBte5tBuNJmqeXw3
kreechures,EhxYMGzHqKmjgkNmKm9ZRSX2YkJ3e55cYyccCUkmzpXq
kreechures,8HtxUj7BkLCKAEVbJ2SRMcy5KCpVDuPcGmHPZLiUniEj
kreechures,HGfCrvTCFuaMHhW98ELeAYK6m8STSTWDFZ3yJPkwQnaj
kreechures,5FonWzzytbWz9DusnmL68aWpQAVZW5h8GCZBK3Q7iaoD
kreechures,HSLMKHStWz4pcHr7EaFksizLXPWUn3fkf21Fy3qKizsG
kreechures,BftC4Rwsegske3myz26cxYWjc7ZvuemPB3qTpc4J6TgL
kreechures,2aWDKaNm7jQrJwjXLmyo9Yfg7oQifK9HW9yYZ8uRiMpu
kreechures,8j4jMFpuDGSRMyWv9RfiHYbR8z5JEvzoxxBXvhPyJ9VF
kreechures,48jtkt6kgfEWQ3VxQYs6aCZREHfP3JFETKUayGoxyg7Q
kreechures,6MNSeCybpFTVdBmcabNw244ZtUSe8dDX3zTWrxzjeyWM
kreechures,B6UkqdHrREjXaQ8W1RuK2D2Dy4wwHPH8EMKDLFsYUXKZ
kreechures,DZrJP2GbUfXr327PKC4xEPoiE5KStn7TShUy7zHrU9bY
kreechures,7QgPXwoscHYJRLxRwQtsMLrfREgoRwnWMDLb15XVnxpb
kreechures,GWpXAAPPoy8dQLgfXosohkaoNdUpQV4vgTNCdYBdj2Hm
kreechures,CP1z3UHaugxWKxuJhVSYJ4umBSm8M4NLJQncu2EcSZEi
kreechures,BpxPiSz1RJwihKfC6ia1bjSWYiWxFkBakbk2SemeA6ez
kreechures,G8JCmVR4H4CNa2cY1g14iCfd3uzEDP4dDndpjs16gcm5
kreechures,4koKNdAh94PDYkcKMiapjo8SDqU2gdLUTeZUSGxVG4R4
kreechures,J9wDpRgxHEz12iTjyqHC8PUAnV2swWfb3zzK2N9dpL6i
kreechures,GHaXwoGxZHP1N8UGsEhREaL2tzwt3FX3WwWZ5cuAFUJn
kreechures,CAhLvwt2L8ZnPUQm94BcXaw8yaq38SY5PM7Y5R66SJdU
kreechures,CQDzvfcG6oTdgGF1yAoUVaVpoyof4VeTjBjWmhpM7FS4
kreechures,5ehsCRWKdPhYYuPTwv6xnqVZN9Rimr3GseuZyLyHtmtw
kreechures,8WFi75GYRnX4phnxvy3jkhzcQBshZJxQQbDEXgd3gVY6
kreechures,2PuBS2vCFgGTjAEdtM8wUgJ6YBH1Vd2rDTUr9dBJnpqm
kreechures,7HydNsjPhCKPpgmBsKdr31xUpfhCiFCNmo8mPBbDbzQS
kreechures,8D4Zv7xAgzpNLrtcG9p5E82CuoJoQy8EL1ht8KoBrgpi
kreechures,9hn7F8fNW9pFRexGTJrymswXRCAZsBcX72aToEqvJRxs
kreechures,6BhDSRj4PDckZRus3r89RTwtMp3wAmrtqcBvY5oZVfoT
kreechures,GPxM9e2XhfnZGKxTetuXGtkRpmbJNvdnYsmLmxBC4Q6c
kreechures,ebRVYFDXWMvG4fzTYZLxRwx3vATVm2koxkurqxHQoBq
kreechures,2qyLkxonsPDJrx1i8pLUz1MToJnkrcdxEaeS2v6rkvmM
kreechures,89ZCM9SMzAm1pCmYRtEE2txWHDdA8DiExicE5JYwH5Am
kreechures,CsiE7Vr9WfyCk3BHQ9HzWgKDQ9JRnRbijaDwE5BhLpB
kreechures,9mU9C9PE3Bou4RAJBvn5LqXpqRpjmjqNBqUbgppG5ESs
kreechures,FeZLzA7UE6UcWSuMQWNgg2cJYHQe7fGVvTJ8K9D2tJJi
kreechures,Gh1YxUiEKQTLQB6W9gfXBXQ8EiVzKj2BqfvvMRXhP66U
kreechures,GQQFJSpGU8Lc1jwzodh2eQkdfRsGdauvoskTGGmr9QFq
kreechures,FJhwJueKCxJN7ikyePCT42DxsMYCFCw1JpvSoeXzJTKR
kreechures,GXku4XWq2cxxgvZpgxi1bN8sUrUhxgnkRsACK8doo2gJ
kreechures,GPvzgeqAbC25C2MtvpJs1QNvfy3yfZB5pr4FsECK3FSx
kreechures,GZHT238XsTG2tqKmiZZAoFkbJkyZo6cdZnKBd55fxmEG
kreechures,FfKfiKHrWezYFdMZWn2zmsUtjBoLCSbveBdhGJGHkJnL
kreechures,FuoM8bMbsktNRYBPuvQ6ED8VZoLnByaAZRh9aqQ3DD3Q
kreechures,FdMPhfWeLab353ifAAQGpTuUxyMWpBTCviakTq5ic8NG
kreechures,8JfFa4MELhCcEUZGkZk9bYXNcf2MCTw51hfsVXcMxWyE
kreechures,4mxTXKjT4owWmrE2S5KDHTj2CZev64meHHw942aPBXrq
kreechures,FSVeULMb6amfzNppYQUUUEPESXF8dSMKk1LM3638WFHB
kreechures,EvEiK53cp3p3896rJpDzVb1zDsF9wcPRiKQdG8hYVA9z
kreechures,GEiLxsqtNDevmF8DsjFmjhZnir2ao9ZkDEEdp1vS9q8K
kreechures,FcYiycDAUw7KiHLDsVTT1K5wDjxDE2DgGSw6fZbsDVx3
kreechures,GPnEzQ4ePoRSQHqECA2iaN4ZEodf32G7kdafWM4pWDQf
kreechures,G1S4AnQuLWxrjSn2hy9STYtSKJ6DTnG63HXsZwLzGDvK
kreechures,GNXPCC7DvkWppstxZp4KcRATwHsKehaTZdAahB4LASEu
kreechures,F1tnWvEaKy5PrDK66J4FGzQbJjFEMZvekccHGUxAvgeG
kreechures,FYkrcspfJKTmZUrJEBGGEGTWPkidQeKbRnaake6hbu52
kreechures,Fv1YYWyYHd1JC7hMsMJZPEMLvfjExuZP3S3k64GgKngC
kreechures,HMPoHWwidj6VMfumPbKHqtLjpnmo3RWabsZVntn2mY4x
kreechures,8fo7jZQM2rQnCmWyNUubDJBoJ4rzE3SMtdwWAwJ5mLV4
kreechures,AxfESAKsApJt5JWSUUGgnkyUXweJHoZkLXf2izExSTfU
kreechures,7ANQ88vMKSzhEYCkVcsDFK7Dkh36FLioK46wr4dFaVN2
kreechures,Frf7RQvuTvi5A1mZ5EdE1DPbmYgjLcRCkk83Cxj9kaiy
kreechures,GG8vrJ7oXY3mTrNF9KnUwAVpenoB9NFnhhJBYtVoB4Po
kreechures,G43hydu3YjSLeC6BZthb8t3F3tM8H4WccFUJet89KZib
kreechures,GP1akgKiv5YdErFKYekUuXgx7jzX42n65HiYi7GW912b
kreechures,FRUMTFvdZBqwzKbR9Yqithhyvot5XZcY2YykmEvtYNhA
kreechures,GJUfpZkzkpb5nPG3zhmKfeTbWkpfRZjgUVKVS9HMMFtk
kreechures,FcZE3oFuFjFCgGoAwGmtprmJ7tK35ZLPiNWnESnQELrk
kreechures,GLKEGfJodaajafqPvLYsaJ1M5L6pzZZNBkohdCbz9GtS
kreechures,G9ESvL4W3NLy4P3AhJ2TGgxd2Dv7pp6ci4LV3QAbTwdC
kreechures,GK8cqfXSPDtsu51syGzMyrXWGuQNYXUBGfnKmYUWZwy2
kreechures,2nLXyhwX7xT665td5TixxtJL7cfspn7iUFw4m3hJVm6Z
kreechures,Ca2ootgRvga2tdattjQBG3sd4VhEZtXFS1nBKUdaJJ6E
kreechures,2zXNqyyeMbG4GfAfPyoZG9fg21JfuVD4S5M2AocgNYpm
kreechures,3AHmGFggsgxgPQ5GMqU2GGtsx6fyAdHJ88KUdhXRByaL
kreechures,FWggC7kgd7hJzNX5jsm5U7NfkJs6E18URSKFBN8S36Z1
kreechures,FFkNh4T6isudK4mnNwpbLtEWq3MD4TRn7TzUvrVrPuqx
kreechures,FKngbJdBxJW6UBhe4nhwk4FGuArp2E2SvGDavnBxiANS
kreechures,FUzdjdioHvwrcBjrZFe4bjki4V2dNprnHQ2bnooS8wy7
kreechures,FaLJDsf3rvNZJzUDMcZpFua9uKf9G9GhafxYXh5Eetaw
kreechures,FF7uMsLkPaXPw9XLy8ee2TsMkJLcGZSoEHRvvT6XCgUB
kreechures,F2GBccvmyRnV2vrTqB7piicPoVUUa4MaeEmHoU1addnS
kreechures,FC6Wc3psZfncMJ5FB6dHYL1NRtKdie7p2PAycu3nyvQA
kreechures,Fb1C6jgomYu6abK4r6wPDFrWYbqHsssLFWE9G43yFzP4
kreechures,FVPERM2guKGzCK7cvkgFAsAgpZGmzaLaJngGCeTrKPu3
kreechures,3EJZnbDrHqjUEnCdX9qZHNwweHxK94ABzMiuh4c4ng7f
kreechures,ATQ4gKUxMhbSoJv9wACkJiSkdetJu4sVAPhEJJkYLjT3
kreechures,F8p7FyaDp6CLQjutwp2NzY4Lhjaz6HktFboERtrjzQGw
kreechures,F9qPgcPczGzLbN4BiRi7FoB14r9dN8rjUZjTuqK6MQJy
kreechures,F1rRv1sMYc4e7GZPx6FCWPMsGtVUTc1RSVzeUgfQfz9a
kreechures,FT1d227g7HmGFmV7Vc2P8BiDX4WiwGqgzTKhTjoKvsnL
kreechures,FQmujbn2QX38KA3ZqyFTAgT9NjN2P5ogAEZGe9x4ivLN
kreechures,FRaaeHYrky95XgpPLu3AoQbGjiiGXcrYpb1NufRJoUbU
kreechures,F2YKmSSa5DUcNSQE2Hf85amGwC7zFxdkFCnLR2Mkbr58
kreechures,FSa15sARzDSDr52w7dwuzrYYDW6NsTnhegvV8rVQ8cyo
kreechures,FB6irdrS7MCtQdy5WEUziTJnJ4cJhUDjppx2nTkXCkXV
kreechures,F7eJudJEd7FsCYFMPCZJ9y1HhWGx8231gL3KjvnK6Fgm
kreechures,E82oyP2v4pWYokufL3ApLyMU7qbRV8UyuEEVdjxwcaJu
kreechures,FUG4nbjZ4ddGaY4o15zZxnXRNAqpNct5Hr9XeVp8mcqm
kreechures,3WaW6gSkZ9sQaM8ukDKab5xtbxK6E7cAeES3QwvjFFdV
kreechures,HieDoWL9rirVKoGuyCtj7GQokQXtM41u4txu82wtxdAk
kreechures,DjVZjjFPcXBPU1cfheUEjrf5kNHJL9jLcne2REgqUrex
kreechures,CYgYScG2R3cANf9SwVoF8RS1t8fgJSvpcecE8xcfHBSY
kreechures,Hhddt1w91UvXfwQowXbbZYcLsLBgtax4ZnKSY7KKV2oK
kreechures,HVfgK9ir6ZEAhs7vHfprXuZZxboPJj868R3an8CkEnUK
kreechures,5JW8DDNYqe2odZgRDsFFt1UiuGjuioEofsLu4Vq9MGR1
kreechures,5aDYongviSPa3pm4FNu54SSTr49jYYGxW5rKuF951qvs
kreechures,C4FTHreeGGPkkfhBYU7Hh3kYGSyJMyVqJAgspRGMYWS2
kreechures,GoxF6uaXdwPCdcB86vPJ55YdJVXmKxijXSB2LgHmsSv1
kreechures,6RKtAPkDB6d2QuPo8kzzemeeL5FjUHwx2aaLBuQZamsu
kreechures,GWbRQEEWqyG2wvLUu7nS624uovq9xh876G4xqxa3Jq7e
kreechures,9gABqWmJfbF8ZR1DASv7DGcc5cxxtBTEkMya6uu98X1G
kreechures,7Tv2L5USD1a61qtijo1WxQryUvLGfB66bPaiJis6ZdiZ
kreechures,EwQKeBK2Mr5A9DA6aHg29n78rxMTJAKiev4wbeAd64Gc
kreechures,Ded4Mb4VZYKB3B96QHyosZHaYdz5k1aWVeo4SmidvcnE
kreechures,BShxreXuVpe29j9cTwXAtVGkHo3VpqpigQh8WvdPR3Hf
kreechures,379r71xTKJvPLHuM3yxWP7HtKT3gQctbQEZbnRRs1Bge
kreechures,85xvNK4D7ha9bU6h2EABDpWFRwUh4r8f2xZfi9kU8Exf
kreechures,Ec94iTRhrcuZN5rwESuDvyJcCaaNvqXYBNbUTm7fymeB
kreechures,Cnp8mfFRXNii4gcgsxDWbjjBJJtyRKQCWgpCw24haS7z
kreechures,7SsdweavUh4VyNYAXbvWHnGP34WfJjR3p5VEpCtyfFDg
kreechures,8mgpqwviGkD4WjT4nfQ1GxHFMi6nMCfEGdaVNTCUrimu
kreechures,7uU2mkAQG5auksMtjx63s876MP6hF4mWuC5WS19ekqf2
kreechures,4ZJZPY2jdmyEW2AuzUYg8LKc8PMu45KHzcdxsHcirCr8
kreechures,8JHBF53wrq5voqN8mz1ex4Qzuwbhgok8tuJEj5wSjnUJ
kreechures,3xEqyffn9Tpz2wUeYhndJR9fVeDZ9Povx6e1scHJUEFP
kreechures,GKfCiGmk9V5CAskwFgGR91DoeT745MCjN9hXvZiY7vW2
kreechures,Hg4zTZ1E6JeRcPoMbNBQHNjTPjCL4PT7stF7VQfd9pt1
kreechures,BQfz2Aqp5guFseph8o74ECk1h4yxJPvsKt7R2n1Au7M4
kreechures,8om4UJ3xSHdsJ9ipzzi2jxgN295PSt9bqDbnBaZGtgGy
kreechures,HcYdRzRRXewBHszjAMnhXB6EgGsakT2G21vyRwrxNzYs
kreechures,pweDuLZHQrkYRMJs9jFegUsBBbEXS87H4N1gPHq3SxC
kreechures,Cre9UWhRZcGtGjKQvxGx3nRxghE9hNh7RnwLc1mjyLz8
kreechures,Gr4pCqAx5esrjDY1Hd2qfdf65jMMB2r6aFcEeafxHfD2
kreechures,G2fV7dBf4o4ZkPXut89gp4QjNMk6k7VBZjRWzsFYk2K1
kreechures,6orR3RijgnZwffwS4s7uWGB12Ykbtqh1eqfnF729sWyK
kreechures,6w4hm12gpm3PeXUZZLsXHGJ7MZmtJRuABFancPi7Got6
kreechures,6UpZ5WZj95k1hsmVyTKP8seAQLmYr71cNGW2Pa4vhwwn
kreechures,6WD9fsz7FNs3rYE9AFMpYQ6zgqqpqmWJWT97VXFD9kBE
kreechures,2TxrkifJuZmyX1x66YdmcFpRazCM2gmnYbhaL1hLn6Pe
kreechures,AgYKiKjPZz71mHo13zjJtovybgNW3KFBAHySnemAUeEY
kreechures,3acTLmWNEkWawLTX9DQCznSwuMo72gzrXDbHM8Nkhvmg
kreechures,8uc6RMQTpibB5rueGrGpoK98HgF7Zrw6jFzeb82dAfyi
kreechures,BrwbLefuLyCzXYwN73ihbuBd8NtnzM4Ccbmkiza1Az3Q
kreechures,HjHLETTyG4K57oiP4pmBmS5Q7evwDkYuNAT8251S9TFB
kreechures,3jmSnZKgfJUEhw8aAV3ixJsiVfru1kb9nttJabQAQJNZ
kreechures,4bMNVShqhU33JHA5dk4AyLCwfsVfhCeyPaUfzb7znjD9
kreechures,2ULVjJuh86JD4nSeixmB9dvB3aBYNGrEihcYEj88XNHT
kreechures,afpfdYwEdAbJMdwRoVKgogqxseFVE52vnguaHwN6Nuz
kreechures,AAEKPkiVSJyGi2dGTE7eJWpb9ZpH5BbmaoB9rwBw7jBS
kreechures,HDkiEuVJeckrPkreZbbWU9dMohDvTEbhZaLCYBn8gT8u
kreechures,9dGjCyZZHs9vd9K1v3fRPjobVUVbxvnnsEdoTKaxg1q8
kreechures,FwcbYWCGaH2ZhBQUraPae7QT1hWRYLLWWPLGyGWKMWME
kreechures,9VDygUXZoJKSCcwCHoKZxEo1pfcSEnokUy37NUnmPjDd
kreechures,33sVPWPzeXB2ytz9x3BxJ4DhkfDaCCbY7aAb4dwXgrWK
kreechures,6RosQV97gjAwhS61uteu1oXypTGGbR3S3NoenC6S9rCL
kreechures,F3dVhq1NesJJRDCrvawoqoNExg4GGKZYcVJvR6BuRme
kreechures,AAR5wnnEuuCMKkkBYHjp42oHsSmQVTdP8eWXJwAYXX5E
kreechures,GYb4DwUqrt4sHr76UvUnqqsoVnaKiX23iknX7n6zy3w1
kreechures,GFJkadzb4EramLtwgo7zXGi3YrrGKhZqXMj9BBUvzuZo
kreechures,5s5bCJn1zGDDgtBPqPyZrM6CSuatQnZSWoi3E2sNbkdQ
kreechures,3DRbbjsqLJmKEeQy3ue5Yt4TPqqz6j83rCRgY5EyccU6
kreechures,6aGmuhVzyg7xHaopso4VLA8GZajwHmGmJhK99bbEMrNb
kreechures,E9LmWqGF7CFKUsPpBS6TKBStr49BWXVnb4fe3UgcTsHC
kreechures,2LTrasSs5NfoEq7DoHEL8bWoDp3fDcSwa3VvRv4jMbbV
kreechures,3VNd4GHDgKUSFVrUoJPrgT5RFi8stk181LuGj9GHsbRJ
kreechures,6wzoJ8U6m4E3QNmgy72Zwq4jqG4qLn3pNQE5fJvLv7Yj
kreechures,2AQGuDwryBJJDRNVEPgpwnqqAxWFFbDFzc1Hv2mf7L5u
kreechures,7AMZVbx6KoqFKY5bQJrFwifFhvAum4fPUDD8WvzJTwSQ
kreechures,4FtCmUKci9F6dFbdjvYwMZzCCqSqo7JQC6P1p51XvZKo
kreechures,CJfVyrodJr27jsPH4HcJk8CwqRszWjLNS8RDCaTnMVW
kreechures,eeJckkqMc5YrCkJETP48WnTDfz9sZwLGJwj4HM2XJ3p
kreechures,A5k8ytrHHB78ii6M47UPaxFAqH3kzQcyedbiyogtqcmy
kreechures,EbPqG4rm53eMTbGVuXk4115habqPsrC9csEyikmnT3sr
kreechures,BbYkuiYhrwLbmfsY1ECTbPqBFn3Yi1MiELazy1P65suK
kreechures,7PC3G2jb8DMNaE8VYfCecohPkLdB3TJ1L42df3Su46AJ
kreechures,D4fH5o4DgDdtivd1YHZdSw7i27Q6KqeCccDmy3sXejAx
kreechures,4bKQd1FYfDMvSxvfFr9xke9hvJZwEhxgZ3H5EifG7g7s
kreechures,BZHk5tNpnxdEiXy2KkvmZc3Lk4R8y9ACAeSVWJ3RxQ7H
kreechures,7KPYHbzyZcTBEwWG5nfppCSonqzFBwfYnn3EzM6hitWY
kreechures,57Ue3gd8RQxzs32URoWmUtqGGHKhSTJFNohGkzQmtJgT
kreechures,9xU9GhfqxT29oeAW6S1pXmssqLyZzCVa5SV3FkfLmYsu
kreechures,7ipibxE2n1o7ucXJ7y4t4iaDQhZxt4S4mu1bomjmDEAQ
kreechures,38jQavF3V6rLbLu3jduFUcexV2FarDAKcBjnssuHtJX2
kreechures,HXho7SSuxd3nrLrjMSidKuLfSJMDuxyF8gPeTaGehzds
kreechures,BdsQdGcuETnwY1moW34Zf3wDTKRrNuvq3cAy9eLSqC9r
kreechures,554VgYuYgCYAadHPSyrWF2FMXmiemwHre5Nz5zD6xVYT
kreechures,BgtvP1hutLqfnzauBabBj5Z1XPg82YAstEYUokrmodbn
kreechures,DTvceHTCV4C96sE3niEW8CAZACE3jMoen93pyprcxaEA
kreechures,4udyh8fQq9yfGWH3ypfygwSsbS4KbeFLAf61DwXD4NF4
kreechures,GHQVH9sooWRJ66PY2UxRW2K6aie9L8G2rpwv44Yhcv7U
kreechures,DVmYdZaUsJfoF7Ud4FYMUwqpbcpzaw5GxttdNa5MT5yV
kreechures,GQ8H3XtytvNx78x6tfM6LNPbsVqsZDatRsu2gLi2BFGB
kreechures,FuootEJbMWfo4zpYS79r9GmEEo1VdGgfyXygatBaQ9Mi
kreechures,9T6sdfoBYB45tmePtFyBAU3kx23HWW4Mb3GHMZxR5ZFg
kreechures,EUhLWN1HrbeHa5UC8iQm5MkX1dcASexjzSDRjKx8Hi3n
kreechures,GtcRa9EpHE2pCAFKicsgeE9uqMzwSvW1b8r6JLJ3VzP
kreechures,8h7fVmMBmvEy9Y6nb9kpdLFArmC4zDu9AcVLd3wNY8tV
kreechures,kJv4yagKjBP8oZRwQiQnbXkz1yRTXVxh2KCEUKWgP8A
kreechures,78wvo42c5ubmsUDnjf9xH5PSHmCHSakMnECGH9cGnhnW
kreechures,62KMU2tdte3U8qhUohj1PFEaGZFt6UAhABkTFmkcVjJ1
kreechures,FsfmVWm9wFwDvhXxSpAUa1dZr8jmPQUfQdaKJH88vHWz
kreechures,SoQi3x6p3UwBHgvcwr3j1uJbnmpkoQKN6h2GkkmNecH
kreechures,3KPHhAuucEMNMDjm2JC2ZCvikcaWvQXKi3QHTXKZCbWn
kreechures,3Mkx3woGUNcxgfGJnq1XSWAJatyb2UmHgSLeVNNTCgwX
kreechures,BNPujwa9boSAmNaNye7pK5pTPjXuXRGERRqytzqsQ7cB
kreechures,CUo7mfYotD2aQz2ujZKsaSKeTYWoEYtkxPNyeHTxhcAv
kreechures,DBhrkS5PTeGKyggsS2o4sGG5iMBr6znqbShwH9GPPEsh
kreechures,A5NuLx5NN1HUTLgHtqm2p1ywpKm2MGA4tw9kwfiSq3t1
kreechures,2qj87cbQK2cLCy5Z5iiaeZJxTpAUYVcNDopnfY2xXNbx
kreechures,Bv4Uw54qi9DTSz2JNsFnkQMzRLtB29i5G8V5BjkDcQh6
kreechures,3etUgCm7ZrvxmkQNP1TqJ5cLM5neTaXpmtKgqvySUNeh
kreechures,FDX76R8BWxa4cWNFGuqeUV4YGbc3qR6kQBwVePFzhgTr
kreechures,uKcdTpa6GPJCVRABiHoGfbbuRK7ujwmnQfjKMgSpkQj
kreechures,6fjTBNCho74NsnrSWgsTCwhQqnNwcX2Lzxv7uchUgLxs
kreechures,H8HA4Jh4Wyhe7rb5BMiPooJP1grxRsG71PiWdntJStkD
kreechures,CJDukcChmvZwAyVDUHzd2mjMsV27upH3E99nv4qca3Do
kreechures,4LxWovy175z6Xaa2AKFcLCfBvWcAUygUUFQaFtQjjgLW
kreechures,CH5P9PykKEMCr3DcCNXfBQ6Nz88xyNcAmoYA5qbL6dpw
kreechures,49kzinxeoALNhLaF3vimSNiavLX9sCcb6qtmPVToZWcU
kreechures,8JJUu98njHoZhWHYZ2sfRcKaJKWctp2aQcnCKwvyLiJy
kreechures,B4DVT1W3krrEPXnNULYF5EGXDfFkabGmD45xiYqZ3UFj
kreechures,HHPsURZsySuytGH2TRWuPjZNsq9BMYHwyjJHwTXJH7Zb
kreechures,9H3RPNMCwvLLfL7zP6p2zGnXWMJEP9LBFhHGTSFpeFct
kreechures,Dz6LpaVFxCN3xfhTqDCxCfkYdzXucMSi9n7k32hztZnu
kreechures,5kUEJvLdvXybLQJYraHNM7NZ9sKEYRbNMd3ECUbrSEdR
kreechures,D6CMvDRUxZ9ZuN3tdnBE6KJkGGL82v7ZtP6Me26ugw9V
kreechures,HGMMs3urPZRySVFbWafJM119DYwNa2iWJK87ukxVtnfp
kreechures,HYWRYBsSrW7QHN9EPbLAUb82TbD3aKVaX8Ev2WqtM8UN
kreechures,98DiqFVzpmXinG5Lh6TQecssVn5Y5KE9gM1vrosjXa41
kreechures,CpDQsAjsTrQLvfVxYzUGrD1z3q6ZGsD81t4xwpNfMo6z
kreechures,5VgcHjsduGXeFHeYM2FC4HL5ToLmBucRvLjJc4BeJBZw
kreechures,AVGrkBZVW7CZLkv8XvkpmmYTfidZJ69qmVDUgm3jPbaP
kreechures,4gwc7uPynbbkCLc4TgpMb8qZEgnpytjGAGgJUEpxMVet
kreechures,54EDvyE3AoEFfH4QJiNyYsTtj2ox7hp9JsmByPQxUyuS
kreechures,3HQfh2Cw4mKXP73cno7tcQDAEsC93Vmwt3VhmcwpY8XS
kreechures,9HSRQnwMtwEGr3Qm31KtKChNyz8JR9ugk63eP1urZMef
kreechures,5V64HiEB1Le2a36EB1xzarfY14nAGSPN1v3sByw8Z5qG
kreechures,4TUZKYKbDNrLxoyTLmFn8h6nNGX5w6iuChMnLY9Z5cdn
kreechures,5sHEN5GDvpAzxEduJuidBFQSPdoraUTxd5tPpFmavC7z
kreechures,fqSBU2bPEY2gcePYUMm4DtZGc9FeahZWpreLgPzBEHw
kreechures,FyZUFthuaLLGJNbPrWp5v5grwQWo6hBVS6fEYZAmevbs
kreechures,4xT7NBw7bP6qdXKupvxqfqdfhpdj3c9yaQLMXXLjHJsL
kreechures,9x5McvG6eQNXQ2vsmLrGfG81Qxjv5NNsn5hauPb5cvTP
kreechures,9fUCnLHTh31BEjUUBBQAoFminm2hsG2GAp5Hcv5Jiwd
kreechures,2BukS62z5GP5EpgUtQv63FHv933AaRQMrwNCFJdtzrUx
kreechures,2yG2At2KSeinhvm3USAatK8f5mNV4uS2Py7Ra8x5daAi
kreechures,5evY4RrAVzjqqmdd3wHe1xmMQhFkGHwyTPcU6JD6bnDp
kreechures,GqhCk7wh8VJ8xscGFVj6nTsxhRr5N9mWtUKKj66XjR4k
kreechures,CsFCGZ96rJJwXGM2ao9wbjD5uTRSk7cXrw2axnPzRVaH
kreechures,4FwPBBYfLa4tCrAXEasw2gUsZDrZA5kLLxHewGtqX1Yp
kreechures,Cxqgv55YYjv9rPk5WfpwmWiwmAGmUMrP8LXbBRNhw8qu
kreechures,AwHCqjJCNdXf5HC7YcDemaj6fLiAyrFJGWN618mKr7X4
kreechures,6tu9cshsiQSm2sURFTawXrJXoL1rqNPFHW729madgqnm
kreechures,S5BHcochqGtR5DBHcHEK7G43MvbtdmvymzGULUfrw4S
kreechures,HoaS1wonip265ExZ535RZHBXe4QhdNuo4eaFAcxhYusz
kreechures,64RHLrdsYnB3vvMUmuk1bd8p2zWh8fxp7iGeS5xhHZEg
kreechures,8xiBoomiYAXPqZJVME1JadF58MXte85y68tzUGWcGtoF
kreechures,JDv4GTTYc6nKZqXamVgMVrqzwsev3g5w8brdeA2F4zjh
kreechures,HMGxjZWkS1QZ5DGVUwo138wfKKtzuq2setxQa51K1Mao
kreechures,FsME8p2nGRyzBp3ioSoPdnN8Erxg5nytJqjNSFwPdwk8
kreechures,YCKnxPkk4GQWoSp8PW2gGxQakxZw2cG9swoh3vJeifK
kreechures,7R6ZdSdQCAzrTH6VX5ST6yPJvtXFLNEeCtZA7bEym6dG
kreechures,EX8WRoALbonDnTqXQAgHA6sEsTmqPeViVnBnBuJXn559
kreechures,4Ne3qBtJ89mgdHv3e7H6EGoEywugXemZG4sRPTZgQN2E
kreechures,Hp5SQfVQ3oax6jARswkLobsjXxsAuReCUr3mM4QzVkj9
kreechures,DbaTpJsjQUpwMHyneX85LehwfS6NzywA7jLGhT83WmPu
kreechures,DFhcSda1mPHHab5dhLbiS7rBsMA8CLLxCW2Vs2kgLxh7
kreechures,J4VMnoCNnWb51fVJoYgpuxBcvHT6hXtqfZ4oENg7hkTt
kreechures,CaHdV5WA5fu5HcmK3YGRs5CLVLVaDyWp5daxLg7tdvWK
kreechures,47LNzKCiubEN2mTQfQP8JkRHb7fKHDLGgG3REX9uY7S5
kreechures,FqnmnVoQ3rYkaH4m4eXaEEFtGZPENwg66iVWrnFs8wf2
kreechures,5xD5g7UsEfNrZii4pqGdefzpbp5PnXDqrSEFBiCgtyTM
kreechures,9fd1P6Zpvgnv1cdPDGKHon8oWiSWrc3KLVxeShkBeee9
kreechures,G4DzMkWW3kHPtK3DRz2Y2JditVsZEw6E99rB6biwK4Wy
kreechures,5ArEUvcUke6yqbfnGqMMAzAapZTKsD67xheBhZBUSy4a
kreechures,35cNEhui5QUu9ue4FW7jTHXDUy2k1LxrAgjzoUDuQVeA
kreechures,59eNeWFCzQkKqdH5TgF7LNumVrEjCX5Yfqb2xLRK94Gd
kreechures,8ChwCVPnRNCZzDTfUR7io86nmdBbpvdb3N7T7xmPpNf6
kreechures,Ef6aQK2qVvZjyPrhm66cxGp26wRiBseYNVuiKrsDMHD3
kreechures,4cAGujTWmcbrbvtU22BPyNPGLS7wxjHuSnRW6pfAFkSw
kreechures,CgvmHo82i8hr3a2V2yJ3ZVQnA8NvfVvmw9UwVLUbkf6S
kreechures,9ju6wEWYK2XojdGSCRzXmV1icqL9xvk1t6mbZTAfSADA
kreechures,9YB7LdZBxMyeRQENX1h5S5Ymm1ss5VkWrtocSMfZ658U
kreechures,Fh3LtBH6MkB3NXRYSkSFVhSdCtuva6Yo7q9AU2f4dpf7
kreechures,9v5FLFoT7V8Z6U4CziP5Dbb4rfasfEsoWdU2TfzR6DEw
kreechures,8CVnkfZqSMZt4QGaxDx3ndQjeR7VgNokCMSG8n3TiEZ6
kreechures,2Rk8HPBr6fbEG3r4432o1VSe8vkJjXzG7sepJkvjWQZK
kreechures,D2QEBpYs4xj1R1jj5uT7KjBuCzCGrkys7vgvobEdDAgB
kreechures,9xmyQZjvcY746EU7gQr2aN9v9e4Xc6LV7yMRN13xjXv
kreechures,8b8Z5Lh2NdFeexG4DBKhXsjDrbubFmrMSgCFPdbfR2wh
kreechures,EsfFDy1n9AGzQEeiQfoe3gaNoRuwWNgwGVhNmNi4zGfz
kreechures,6MBdLwuFg79zR96uQJhTwRxM3uXkkzfXpGDHjpFfqxPB
kreechures,Gcaxr1h1jZruXeTAxpuw6xo8P2SusEeo296TKGqe6dcQ
kreechures,4Ejpy8n3mnKF9sgTUBABu1sLR8hcMihxL1U1tct5n2zE
kreechures,78izz2sKHcCQ6R6hEqLwbVT9hGBdpJi89QKoCDiTpYga
kreechures,G6GnURiTRG8BMPUBtBpwbvTdJsD2N5BfEDBEQ4L31GWj
kreechures,73LGbaFB3pWM5pNLtbgx7UewnSNn2xXXT8REjVpHMKGP
kreechures,2svMFJZakuZpBVirTGtCXJcgkcN625XwktgJpxeVj8Sw
kreechures,8xZA3q7tQXbYH6SEdncHx2BczBmRcP7RSnhodwMeYzwA
kreechures,AkGaQpccTkqyMroBDnRyKJunbHjKXtdz7fryi8gqFEoS
kreechures,Dj5HPU4JiAnDVMREMaZApmkpX5kqQHFdkmxt3gcPFTxZ
kreechures,8ed58z7NYbbt7EUgKcyvmUGYU5RHF87tvJGzHSj66DxF
kreechures,3dEmMN7Hf5hvvvW6psMPXTAVoKTjK1aVmE1VraJ3gWdy
kreechures,7ccPcABNDQvddB1sHUFWMkkkhcMvao3NJZFxvzPCEpsL
kreechures,8q6s2jhF76jGhR1sDem384GRmW2j6UpQCwKEZGAMg8kj
kreechures,GnqYwHWMJVJepAhHPTXrwkBE41vrMfMXo1EhH2YWmXPv
kreechures,DNtsJfPtEKCH6RkzqVzL56iMbEiaw5adM4LoxWrVG6UQ
kreechures,GgEcRjM1fYZnPMXRGyNrJof4YeHZuk4ai5tAzC9XDeqo
kreechures,5RvBPvcYwcsmCkiThPTMYrqZoU8hQKKnZK28PCMUopdx
kreechures,Cc4MqXV8rYB7GkzSaHgHTLNWW8eQwLuNBB5PbuULKPJQ
kreechures,CDR1N45Uha9jjbikP9NakG4FnyM7nw3zD15ELe9VqdDk
kreechures,CDzd6Tm6cH7LPFkL2CBX5nAf69h9YDWUttxHSkpVd3Kj
kreechures,3zeQEtdkfxhnwdCxVUMbukFfxJAq73XUV4ktys1rs3qw
kreechures,43AZGYByRfZZXNbHwdYUjuM7hxaDCucUrijpxinzwzHF
kreechures,CxzWwknUaBCdaJHy1UTAaQkHPv4JdAH2RPNE7Ts8x1WH
